message 1,message 2,digest 1,digest 2,tries
LqXd4RWekgiSeJvkMNQnrupUkLnepa,olV4eWJeAucRtQA0CiIkrY1UzILnE9,2b264048f17eed063d7220ee1bddc002010000000e00000000000000000000000000000000000000000000000000000000000000000000000000000000000000,2b2640829581e71ecb3709830222f066010000000e00000000000000000000000000000000000000000000000000000000000000000000000000000000000000,5878
4kmsOLyqWJeLWhadDvJuJmnV0F2CU8,5tZOv4l7bNmoL9YmZ3tzxYmSE8WHZV,785ff1d17b331d86f4b68672c3e36c3c010000000e00000000000000000000000000000000000000000000000000000000000000000000000000000000000000,785ff1ec783651e069de4abdbc88fc6d010000000e00000000000000000000000000000000000000000000000000000000000000000000000000000000000000,4658
usbisdBpm8ctHCiZqMAbuPdEYSLzvz,6aYf4IXRi66DvqibLvaTmTABks2SxX,beb75ca2cd208608be1eb5fc9047df8c010000000e00000000000000000000000000000000000000000000000000000000000000000000000000000000000000,beb75c54fc0c298286c7347e5fa75905010000000e00000000000000000000000000000000000000000000000000000000000000000000000000000000000000,4699
usbisdBpm8ctHCiZqMAbuPdEYSLzvz,6aYf4IXRi66DvqibLvaTmTABks2SxX,beb75ca2cd208608be1eb5fc9047df8c010000000e00000000000000000000000000000000000000000000000000000000000000000000000000000000000000,beb75c54fc0c298286c7347e5fa75905010000000e00000000000000000000000000000000000000000000000000000000000000000000000000000000000000,4699
cZO0dhbqU6dall80m0fvUa0ubaoZ0h,lInjAkXXXeoChBPlxGCnHQO0QpLo4H,87624e38206f8e33acb0ea2ad9918c46010000000e00000000000000000000000000000000000000000000000000000000000000000000000000000000000000,87624ee66e92d3779ff927d8f98b209d010000000e00000000000000000000000000000000000000000000000000000000000000000000000000000000000000,5948
7YSLM686AtnVdNtL4F46QKLsu5j19h,RgSkewqJZeaaogDFwwfvryKZYKMmXl,abfaf7b70cca485bbc82a2f27718561c010000000e00000000000000000000000000000000000000000000000000000000000000000000000000000000000000,abfaf72bc8c83f56aeb203b091ebaa27010000000e00000000000000000000000000000000000000000000000000000000000000000000000000000000000000,3733
7YSLM686AtnVdNtL4F46QKLsu5j19h,RgSkewqJZeaaogDFwwfvryKZYKMmXl,abfaf7b70cca485bbc82a2f27718561c010000000e00000000000000000000000000000000000000000000000000000000000000000000000000000000000000,abfaf72bc8c83f56aeb203b091ebaa27010000000e00000000000000000000000000000000000000000000000000000000000000000000000000000000000000,3733
iMPxBcS7dXrtmkPEs7X3ZX1BxYAQhy,zWZIGgGydcU348BX5ppXH0bSVSgumt,46d29cedc493bb8464b825528d983526010000000e00000000000000000000000000000000000000000000000000000000000000000000000000000000000000,46d29cdf0fe248cddc72d3167b1f7ba7010000000e00000000000000000000000000000000000000000000000000000000000000000000000000000000000000,8581
iMPxBcS7dXrtmkPEs7X3ZX1BxYAQhy,zWZIGgGydcU348BX5ppXH0bSVSgumt,46d29cedc493bb8464b825528d983526010000000e00000000000000000000000000000000000000000000000000000000000000000000000000000000000000,46d29cdf0fe248cddc72d3167b1f7ba7010000000e00000000000000000000000000000000000000000000000000000000000000000000000000000000000000,8581
xH7US9VA9oWoO1xc0vCuKXtsL7qTXb,niw6GNChablGqRpexqhA9bvaVz6ejw,c35bcc661a25c3979c2e0ce8bfd15312010000000e00000000000000000000000000000000000000000000000000000000000000000000000000000000000000,c35bcc74e61492d5ab3014444cd1c64f010000000e00000000000000000000000000000000000000000000000000000000000000000000000000000000000000,5020
xH7US9VA9oWoO1xc0vCuKXtsL7qTXb,niw6GNChablGqRpexqhA9bvaVz6ejw,c35bcc661a25c3979c2e0ce8bfd15312010000000e00000000000000000000000000000000000000000000000000000000000000000000000000000000000000,c35bcc74e61492d5ab3014444cd1c64f010000000e00000000000000000000000000000000000000000000000000000000000000000000000000000000000000,5020
MQnhQF9KaUuUikY7UfZBNwGjlMW9VG,tSwD6ohFBhBoi0EMET2rzum49drfDb,233d8d19aa8f05674186ecbfa4a7c9b2010000000e00000000000000000000000000000000000000000000000000000000000000000000000000000000000000,233d8de8f66ee17adabd914fe8d3fc94010000000e00000000000000000000000000000000000000000000000000000000000000000000000000000000000000,6221
Xh3F7xT8e0nOVPYXgS2MuxRyBLHqr2,BwoKFerTcKYY48ae7iDaJi7l8KEsEP,a2f8e7ad566c6e6e2036d203602ec8aa010000000e00000000000000000000000000000000000000000000000000000000000000000000000000000000000000,a2f8e729c4d30e13ddd06ca660266fe7010000000e00000000000000000000000000000000000000000000000000000000000000000000000000000000000000,5904
Xh3F7xT8e0nOVPYXgS2MuxRyBLHqr2,BwoKFerTcKYY48ae7iDaJi7l8KEsEP,a2f8e7ad566c6e6e2036d203602ec8aa010000000e00000000000000000000000000000000000000000000000000000000000000000000000000000000000000,a2f8e729c4d30e13ddd06ca660266fe7010000000e00000000000000000000000000000000000000000000000000000000000000000000000000000000000000,5904
Average,,,,5238.6